#DNA raw data download,,,
#Below is a text version of your DNA file.,,,
#Genetic data is provided below as four TAB delimited columns.  Each line,,,
#corresponds to a SNP.  Column one provides the SNP identifier (rsID where,,,
#possible).  Column two contains the chromosome of the SNP,,,
#using human reference build 37.1 coordinates.  Columns three and four,,,
#contain the two alleles observed at this SNP (genotype).  The genotype is reported,,,
#on the forward (+) strand (coding strand) with respect to the human reference.,,,
**DISCLAIMER: this does not contain real human DNA**,,,
rsid,chromosome,allele1,allele2
rs54742912,1,A,G
rs22747062,1,A,A
rs92454950,1,G,G
rs99289519,1,A,A
rs81191846,1,T,C
rs60038228,1,T,G
rs17340247,1,G,A
rs86310395,1,A,C
rs88313151,1,A,G
rs73351245,1,A,A
rs20638360,1,C,T
rs75666864,1,G,T
rs77950335,1,A,G
rs91414165,1,T,A
rs62612856,1,C,T
rs9632089,1,G,A
rs2221974,1,A,A
rs87802136,1,T,T
rs53673147,1,C,G
rs97592709,1,G,A
rs91137664,1,A,T
rs74863076,1,T,C
rs9046334,1,A,G
rs64123949,1,A,A
rs26197451,1,C,T
rs43056653,1,G,T
rs60986768,1,A,G
rs66393384,1,A,A
rs86474562,1,C,G
rs97318630,1,G,A
rs23767195,1,A,G
rs47885040,1,C,A
rs57101312,1,G,C
rs40742220,1,A,G
rs98965090,1,T,A
rs12357249,1,A,C
rs20012593,1,G,G
rs98636486,1,A,A
rs61252624,1,T,T
rs98380658,1,T,A
rs2595581,1,C,G
rs41342404,1,G,A
rs35075121,1,A,G
rs97008092,1,C,A
rs34322080,1,G,T
rs64549559,1,A,C
rs81910147,1,G,G
rs731877,1,A,A
rs81614974,1,C,G
rs28070523,1,G,A
rs3485934,1,A,G
rs2383050,1,G,A
rs1337195,1,A,G
rs4098134,1,A,A
rs64294618,1,A,G
rs83657823,1,T,A
rs90337314,1,A,G
rs7744900,1,C,A
rs80552181,1,G,C
rs44257202,1,A,G
rs52254128,1,T,A
rs84933810,1,C,T
rs43960552,1,G,A
rs79184491,1,A,C
rs25103681,1,G,G
rs57182361,1,A,A
rs28982775,1,T,T
rs72023162,1,G,G
rs2447850,1,A,A
rs4431278,1,C,A
rs56756367,1,G,T
rs64012626,1,A,T
rs77271583,1,A,A
rs10938467,1,G,G
rs2456046,1,A,A
rs22651782,1,G,A
rs34060065,1,A,G
rs41720173,1,C,A
rs26906850,1,G,C
rs23228037,1,A,G
rs72815542,1,A,A
rs16833584,1,C,A
rs57023730,1,G,T
rs89855363,1,A,T
rs96519015,1,A,C
rs97515404,1,G,G
rs55725781,1,A,A
rs59390461,1,A,T
rs53180832,1,C,T
rs47503758,1,G,C
rs88081626,1,A,G
rs22090569,1,T,A
rs30388799,1,G,C
rs54440789,1,A,G
rs23784087,1,A,A
rs28945614,1,C,C
rs66162431,1,G,G
rs9034260,1,A,A
rs15532192,1,G,G
rs43863351,1,A,A
rs19213992,1,G,C
rs71461821,1,A,G
rs98172503,1,G,A
rs26465064,1,A,T
rs8698056,1,A,C
rs18977078,1,G,G
rs86455279,1,A,A
rs67722703,1,A,G
rs86998643,1,C,A
rs82377397,1,G,G
rs8171667,1,A,A
rs89735936,1,A,C
rs89854013,1,A,G
rs63985565,1,C,A
rs60244217,1,G,C
rs39576088,1,A,G
rs65031836,1,G,A
rs61983567,1,A,C
rs75593103,1,C,G
rs59460981,1,G,A
rs90455249,1,A,G
rs35549211,1,T,A
rs82349074,1,C,A
rs7945023,1,G,T
rs46275152,1,A,C
rs59016684,1,T,G
rs90479400,1,A,A
rs5424457,1,A,A
rs16889169,1,C,C
rs25794743,1,G,G
rs11225674,1,A,A
rs43957996,1,A,A
rs79799145,1,G,C
rs53610519,1,A,G
rs99482058,1,C,A
rs30914557,1,G,A
rs52566454,1,A,T
rs4983689,1,A,C
rs76530185,1,G,G
rs1317231,1,A,A
rs22908431,1,C,C
rs2872727,1,G,G
rs80208940,1,A,A
rs43765326,2,G,G
rs25533675,2,A,A
rs18477675,2,A,G
rs61574282,2,T,A
rs8495069,2,T,T
rs21968057,2,G,T
rs38032357,2,A,A
rs43626266,2,G,G
rs92484959,2,A,A
rs50874094,2,C,A
rs60757081,2,G,A
rs64178248,2,A,C
rs21534627,2,C,G
rs43325881,2,G,A
rs3564694,2,A,G
"rs10427255
",2,C,C
rs6287291,2,A,A
rs49333010,2,T,T
rs77164901,2,T,A
rs68853801,2,C,G
rs62955940,2,G,A
rs90240164,2,A,G
rs44206621,2,A,A
rs70816596,2,C,T
rs9781951,2,G,A
rs4988235,2,C,T
rs88749535,2,A,G
rs33685400,2,T,A
rs74127506,2,C,T
rs84461162,2,G,G
rs53482088,2,A,A
rs4889008,2,C,G
rs3214276,2,G,A
rs12742018,2,A,C
rs60291087,2,G,G
rs97323443,2,A,A
rs73272289,2,G,T
rs4123314,2,A,T
rs38654352,2,T,T
rs94519223,2,T,T
rs28052792,2,G,A
rs53213982,2,A,A
rs57993735,2,G,A
rs34012630,2,A,C
rs20438297,2,T,G
rs22225627,2,C,A
rs65837188,2,G,C
rs61130389,2,A,G
rs85908951,2,G,A
rs15767594,2,A,G
rs70404241,2,G,A
rs29602659,2,A,C
rs70896208,2,A,G
rs20592259,2,C,A
rs23887126,2,G,A
rs97501817,2,A,C
rs74966599,2,A,G
rs87545425,2,G,A
rs10935078,2,A,T
rs2976024,2,A,G
rs18574005,2,G,A
rs25516185,2,A,T
rs96049736,2,T,T
rs29920817,2,T,A
rs17159820,2,T,T
rs70897919,2,C,C
rs31850707,2,G,G
rs77225447,2,A,A
rs96066881,2,C,T
rs35431483,2,G,C
rs67717990,2,A,G
rs44940658,2,C,A
rs49833603,2,G,G
rs66285267,2,A,A
rs79410583,2,A,A
rs13618725,2,C,T
rs98092723,2,G,T
rs35709167,2,A,C
rs41325163,2,A,G
rs364394,2,A,A
rs5293550,2,G,A
rs60055223,2,A,A
rs52590952,2,T,A
rs75528761,2,A,G
rs71402361,2,C,A
rs13887099,2,G,C
rs44714109,2,A,G
rs25906382,2,C,A
rs47706071,2,G,A
rs73440511,2,A,G
rs79975769,2,T,A
rs76816445,2,G,T
rs27305918,2,A,T
rs76543816,2,G,C
rs27596407,2,A,G
rs69051355,2,G,A
rs23751481,2,A,G
rs78347645,2,C,A
rs67533138,2,G,A
rs48126604,2,A,A
rs36231346,2,C,G
rs79145575,2,G,A
rs8079330,2,A,A
rs75660448,2,A,G
rs54838983,2,G,A
rs57749521,2,A,A
rs84005633,2,A,G
rs98374809,2,T,A
rs60810850,2,C,T
rs58913137,2,G,T
rs43764528,2,A,G
rs16941989,2,T,A
rs63786162,2,A,G
rs56080922,2,G,A
rs57539803,2,A,T
rs32612059,2,A,C
rs58357518,2,C,G
rs20269933,2,G,A
rs62568758,2,A,T
rs55517486,2,G,A
rs82185945,2,A,C
rs94956614,2,C,G
rs94962172,2,G,A
rs40455812,2,A,T
rs53460275,2,A,A
rs87329441,2,G,C
rs60701469,2,A,G
rs6710341,2,G,G
rs76827041,2,G,A
rs94410565,2,A,A
rs92611822,2,C,T
rs49237656,2,G,T
rs35641921,2,A,G
rs2853425,2,C,A
rs58198131,2,G,G
rs70645626,2,A,A
rs18955484,2,C,A
rs58284891,2,G,C
rs77074862,2,A,G
rs56077824,2,C,A
rs49988932,2,G,A
rs99895150,2,A,C
rs57779281,2,G,G
rs49379117,2,A,A
rs99464270,3,G,T
rs23335502,3,A,A
rs38211473,3,C,G
rs45028228,3,G,A
rs89310890,3,A,A
rs54775689,3,T,T
rs86548171,3,G,A
rs21876085,3,A,C
rs52664938,3,T,G
rs59256027,3,A,A
rs85571394,3,A,C
rs83883654,3,T,G
rs75031602,3,G,A
rs29891878,3,A,A
rs92430440,3,A,A
rs65416357,3,C,C
rs7955973,3,G,G
rs53576,3,G,G
rs67575108,3,A,A
rs6896702,3,T,A
rs52176768,3,T,C
rs71053726,3,C,G
rs27147943,3,G,A
rs23329637,3,A,A
rs81828225,3,C,T
rs61676895,3,G,G
rs8162313,3,A,A
rs62231483,3,G,T
rs11743437,3,A,G
rs58944232,3,T,A
rs24237234,3,G,T
rs75217210,3,A,A
rs73366488,3,A,G
rs94628076,3,C,A
rs76342577,3,G,C
rs40277165,3,A,G
rs57521603,3,G,A
rs32333592,3,A,G
rs37649063,3,A,A
rs14779162,3,T,T
rs31533096,3,T,C
rs9407175,3,C,G
rs33472226,3,G,A
rs16323748,3,A,A
rs31695276,3,T,A
rs12910856,3,A,C
rs18252534,3,G,G
rs22037624,3,A,A
rs43683240,3,A,C
rs52517530,3,A,G
rs27059380,3,T,A
rs41820612,3,G,A
rs10618727,3,A,T
rs95542035,3,G,T
rs61112803,3,A,T
rs26033322,3,G,G
rs67346325,3,A,A
rs21776049,3,C,A
rs35877691,3,G,T
rs56560641,3,A,G
rs97777626,3,A,A
rs8334451,3,T,A
rs46411448,3,C,G
rs78671161,3,G,A
rs27127382,3,A,A
rs1012523,3,C,C
rs65452953,3,G,G
rs42505658,3,A,A
rs85534931,3,C,C
rs62729760,3,G,G
rs82079695,3,A,A
rs26479066,3,C,G
rs47165654,3,G,A
rs84901474,3,A,T
rs33975346,3,A,A
rs4275475,3,A,T
rs69955333,3,T,T
rs63649250,3,G,A
rs20255804,3,A,A
rs50496608,3,C,A
rs78869462,3,G,G
rs65387137,3,A,A
rs40660128,3,G,A
rs98994503,3,A,A
rs13484482,3,T,C
rs65165811,3,G,G
rs82821750,3,A,A
rs35317377,3,G,T
rs94486525,3,A,C
rs88237238,3,C,G
rs85410172,3,G,A
rs31386655,3,A,C
rs70345477,3,C,G
rs69188697,3,G,A
rs38323171,3,A,G
rs33523528,3,G,A
rs7225929,3,A,C
rs736975,3,A,G
rs80439256,3,A,A
rs19604699,3,A,G
rs55606550,3,C,A
rs96186492,3,G,G
rs13974303,3,A,A
rs76165102,3,T,A
rs16389111,3,A,G
rs61974728,3,C,A
rs84706567,3,G,G
rs77708821,3,A,A
rs72349553,3,C,G
rs34677920,3,G,A
rs86678611,3,A,C
rs5649257,3,G,G
rs18975646,3,A,A
rs85035839,3,T,G
rs39473280,3,A,A
rs53106516,3,C,A
rs57141814,3,G,G
rs4952964,3,A,A
rs67849288,3,G,T
rs4484942,3,A,A
rs51151307,3,T,T
rs24452209,3,G,T
rs89422534,3,A,A
rs9381617,3,T,C
rs38931970,3,C,G
rs84888416,3,G,A
rs73620041,3,A,G
rs71705792,3,T,A
rs52254262,3,G,G
rs18219355,3,A,A
rs38627625,3,T,C
rs89926604,3,C,G
rs85109155,3,G,A
rs2405724,3,A,T
rs32060555,3,G,T
rs53186651,3,A,A
rs20403322,3,G,T
rs10586164,3,A,G
rs64800512,3,G,A
rs8387665,3,A,G
rs38729447,3,G,A
rs83630861,3,A,G
rs68671461,3,G,A
rs73626915,3,A,T
rs99866821,3,C,A
rs91952916,3,G,C
rs89314119,3,A,G
rs41024982,3,C,A
rs76579384,3,G,G
rs33065959,4,A,A
rs69727956,4,C,C
rs53741230,4,G,G
rs61448071,4,A,A
rs24884732,4,C,C
rs96788789,4,G,G
rs63593350,4,A,A
rs69028376,4,G,G
rs2528036,4,A,A
rs23607298,4,T,C
rs41166931,4,T,G
rs39768083,4,C,A
rs87746891,4,G,A
rs99755976,4,A,A
rs50981033,4,T,C
rs8189496,4,G,G
rs98559991,4,A,A
rs3543867,4,A,G
rs76463249,4,T,A
rs10534463,4,T,A
rs62173705,4,T,C
rs17298459,4,C,G
rs6353642,4,G,A
rs13773608,4,A,G
rs25072218,4,A,A
rs93685661,4,G,A
rs96493906,4,A,C
rs23145280,4,T,G
rs80755820,4,T,A
rs42152339,4,C,G
rs7261343,4,G,A
rs98349361,4,A,A
rs53365857,4,G,C
rs7983011,4,A,G
rs10558676,4,T,A
rs60173165,4,G,C
rs65935814,4,A,G
rs93322555,4,G,A
rs46794737,4,A,C
rs71371554,4,G,G
rs25435549,4,A,A
rs10769123,4,G,T
rs18441735,4,A,A
rs14951971,4,C,A
rs35429414,4,G,A
rs76758721,4,A,A
rs63096840,4,G,A
rs516904,4,A,G
rs16364478,4,C,A
rs64793108,4,G,C
rs1334872,4,A,G
rs7699991,4,G,A
rs37110457,4,A,G
rs4592187,4,T,A
rs56006410,4,T,T
rs82532063,4,A,C
rs93879599,4,T,G
rs30467070,4,G,A
rs94250856,4,A,C
rs69551943,4,A,G
rs87775354,4,C,A
rs83177443,4,G,G
rs45316352,4,A,A
rs14402279,4,G,T
rs17375835,4,A,C
rs21026159,4,T,G
rs11344460,4,C,A
rs93076561,4,G,A
rs10203233,4,A,T
rs18293263,4,T,A
rs82661651,4,T,C
rs57607140,4,A,G
rs88165824,4,G,A
rs50122261,4,A,A
rs65983634,4,T,G
rs50771609,4,T,A
rs26644510,4,A,C
rs6329058,4,T,G
rs3366438,4,A,A
rs31834001,4,A,A
rs12306041,4,A,T
rs34825706,4,A,A
rs78200333,4,T,T
rs71496892,4,T,G
rs49446060,4,A,A
rs25057971,4,T,G
rs68743720,4,G,A
rs47730986,4,A,T
rs74343805,4,G,C
rs79859938,4,A,G
rs78493011,4,A,A
rs79990593,4,G,A
rs23002770,4,A,G
rs40290301,4,C,A
rs9627380,4,G,T
rs44704381,4,A,T
rs6837291,4,G,A
rs61030872,4,A,G
rs59092406,4,G,A
rs21515820,4,A,C
rs79187495,4,C,G
rs36044956,4,G,A
rs23688819,4,A,A
rs78096055,4,C,G
rs20365072,4,G,A
rs2632245,4,A,G
rs60599344,4,G,A
rs98888690,4,A,C
rs96372636,4,A,G
rs44694159,4,A,A
rs73490332,4,T,G
rs46485665,4,A,A
rs7971926,4,A,T
rs57105164,4,A,G
rs54892470,4,T,A
rs22816371,4,T,A
rs88792937,4,A,C
rs91195406,4,A,G
rs34084713,4,G,A
rs58374357,4,A,G
rs34494973,4,G,A
rs93313586,4,A,T
rs16048060,4,G,A
rs82128614,4,A,T
rs23745612,4,G,A
rs63326723,4,A,A
rs68522861,4,T,C
rs68347126,4,A,G
rs7795442,4,A,A
rs43170366,4,G,T
rs24100715,4,A,C
rs2049068,4,C,G
rs56632466,4,G,A
rs73576314,4,A,A
rs48566198,4,G,C
rs98096123,4,A,G
rs15249723,4,T,A
rs83937071,4,A,A
rs97111637,4,C,T
rs24917557,4,G,C
rs74923929,4,A,G
rs45591762,4,A,A
rs41093758,4,A,A
rs7377672,4,T,C
rs8683132,4,G,G
rs88075433,5,A,A
rs98190889,5,T,T
rs62926194,5,G,C
rs59934288,5,A,G
rs28107790,5,T,A
rs94680444,5,A,G
rs77490241,5,T,A
rs13465315,5,C,T
rs47285882,5,G,C
rs45522408,5,A,G
rs61930240,5,C,A
rs2689475,5,G,G
rs47900305,5,A,A
rs63396130,5,G,C
rs81046249,5,A,G
rs94358615,5,T,A
rs1100434,5,T,G
rs83096771,5,C,A
rs82315796,5,G,T
rs44217880,5,A,C
rs48649148,5,G,G
rs71992289,5,A,A
rs72856777,5,G,A
rs87358310,5,A,G
rs42649660,5,C,A
rs44380997,5,G,C
rs73958098,5,A,G
rs50909465,5,C,A
rs37589822,5,G,C
rs74367191,5,A,G
rs39874597,5,A,A
rs69088156,5,G,G
rs94293340,5,A,A
rs6305201,5,G,C
rs31804745,5,A,G
rs91233399,5,C,A
rs53431583,5,G,G
rs68790545,5,A,A
rs18042782,5,A,G
rs66918811,5,C,A
rs47238030,5,G,A
rs51238145,5,A,T
rs44932128,5,G,G
rs40379640,5,A,A
rs67291235,5,T,T
rs56839528,5,C,G
rs86676570,5,G,A
rs49477993,5,A,C
rs55895835,5,C,G
rs21029659,5,G,A
rs75598886,5,A,A
rs28157759,5,A,T
rs6095660,5,G,G
rs68825656,5,A,A
rs58635799,5,T,C
rs70285698,5,C,G
rs35897584,5,G,A
rs26187523,5,A,A
rs47869657,5,T,A
rs60962488,5,C,C
rs9961242,5,G,G
rs471432,5,A,A
rs27435863,5,T,A
rs83662828,5,T,T
rs74851583,5,C,T
rs99214634,5,G,A
rs50759959,5,A,A
rs79104035,5,G,A
rs18681771,5,A,T
rs7457853,5,A,A
rs16378810,5,A,A
rs90920280,5,A,A
rs78498590,5,T,T
rs53373716,5,T,G
rs72612563,5,C,A
rs14202888,5,G,C
rs97557132,5,A,G
rs33498815,5,C,A
rs88100194,5,G,A
rs59980098,5,A,G
rs74723536,5,C,A
rs48082560,5,G,A
rs33765894,5,A,G
rs47367352,5,G,A
rs75645253,5,A,G
rs1026341,5,G,A
rs53081553,5,A,G
rs75531133,5,A,A
rs43628395,5,A,T
rs12762972,5,C,A
rs32508342,5,G,A
rs83734657,5,A,G
rs79903392,5,T,A
rs49795199,5,A,T
rs63344310,5,C,G
rs34215500,5,G,A
rs16380599,5,A,G
rs88839597,5,A,A
rs83347589,5,C,G
rs9612549,5,G,A
rs58985479,5,A,C
rs83387791,5,G,G
rs87661246,5,A,A
rs25217529,5,G,A
rs96221717,5,A,T
rs84593835,5,C,C
rs81599982,5,G,G
rs81107852,5,A,A
rs20440248,5,T,C
rs18544624,5,G,G
rs61945057,5,A,A
rs26963642,5,A,A
rs52947346,5,A,C
rs42358139,5,G,G
rs73951786,5,A,A
rs80133973,5,T,G
rs94683118,5,C,A
rs80924080,5,G,C
rs55231164,5,A,G
rs91743166,5,T,A
rs57602546,5,A,A
rs55034923,5,G,T
rs66748567,5,A,T
rs11709044,5,G,T
rs52979938,5,A,A
rs76501101,5,G,T
rs69736328,5,A,C
rs32299656,5,T,G
rs78953237,5,T,A
rs16500227,5,T,A
rs68056623,5,T,G
rs60296403,5,A,A
rs85963515,5,A,A
rs96642795,5,A,A
rs39599399,5,C,G
rs34401763,5,G,A
rs92528278,5,A,T
rs39254180,6,T,A
rs54924561,6,G,A
rs86885398,6,A,T
rs99823085,6,G,C
rs73633258,6,A,G
rs74192653,6,T,A
rs95629027,6,A,G
rs54568924,6,T,A
rs9733438,6,A,C
rs9158399,6,G,G
rs7661724,6,A,A
rs4681470,6,C,C
rs72382195,6,G,G
rs67614791,6,A,A
rs87196249,6,C,G
rs76852941,6,G,A
rs25958160,6,A,G
rs89265839,6,A,A
rs78964469,6,C,T
rs94278189,6,G,T
rs85227098,6,A,A
rs88166475,6,A,G
rs5245325,6,T,A
rs46428682,6,C,T
rs64548046,6,G,G
rs27697425,6,A,A
rs85493553,6,C,G
rs90554368,6,G,A
rs34531474,6,A,C
rs49442353,6,C,G
rs2957831,6,G,A
rs92390254,6,A,T
rs96022628,6,C,T
rs30294845,6,G,G
rs65943940,6,A,A
rs58385392,6,A,T
rs58252073,6,T,G
rs69003119,6,G,A
rs51022283,6,A,C
rs49878955,6,C,G
rs37693023,6,G,A
rs31097797,6,A,A
rs92714396,6,G,A
rs62953012,6,A,G
rs76486674,6,T,A
rs713482,6,A,A
rs49457394,6,T,C
rs52901085,6,G,G
rs52446969,6,A,A
rs88289101,6,A,C
rs31605941,6,T,G
rs44749741,6,A,A
"rs807701
",6,C,C
rs34147296,6,A,T
rs8326959,6,T,C
rs94754343,6,C,G
rs76394380,6,G,A
rs50670168,6,A,C
rs53562139,6,A,G
rs34689181,6,G,A
rs83734520,6,A,C
rs66699063,6,A,G
rs17441809,6,C,A
rs40861120,6,G,C
rs11317556,6,A,G
rs98554512,6,A,A
rs33811558,6,T,T
rs50807170,6,G,T
rs5840493,6,A,A
rs92226037,6,G,G
rs13265782,6,A,A
rs79979776,6,G,T
rs53107667,6,A,T
rs19955818,6,A,T
rs71938665,6,A,C
rs24700916,6,C,G
rs11934087,6,G,A
rs74908304,6,A,C
rs53202675,6,C,G
rs91874791,6,G,A
rs92345687,6,A,T
rs44783512,6,T,G
rs44583156,6,A,A
rs16167416,6,A,A
rs29354318,6,T,C
rs74324232,6,G,G
rs39929037,6,A,A
rs53369468,6,T,T
rs7192,6,G,T
rs25167810,6,T,C
rs44417529,6,T,G
rs86779628,6,G,A
rs1815869,6,A,C
rs83563352,6,T,G
rs15656815,6,C,A
rs7670506,6,G,C
rs82319566,6,A,G
rs89005292,6,T,A
rs14862653,7,T,C
rs44413194,7,A,G
rs80728173,7,C,A
rs41803770,7,G,G
rs77767428,7,A,A
rs62349673,7,C,C
rs2561567,7,G,G
rs68231657,7,A,A
rs47791914,7,G,G
rs42374232,7,A,A
rs16660264,7,C,G
rs61305818,7,G,A
rs70045366,7,A,C
rs52553782,7,G,G
rs48280852,7,A,A
rs72895047,7,T,C
rs18362176,7,G,G
rs9333959,7,A,A
rs67508331,7,A,A
rs86858892,7,C,T
rs2903316,7,G,A
rs58458582,7,A,T
rs13427983,7,G,T
rs62980674,7,A,T
rs24008592,7,C,A
rs30754886,7,G,T
rs14798315,7,A,T
rs94304503,7,A,A
rs54500049,7,T,T
rs36084547,7,A,T
rs78051597,7,G,G
rs69591454,7,A,A
rs70666034,7,C,C
rs81633110,7,G,G
rs23477176,7,A,A
rs71092604,7,C,A
rs53549426,7,G,A
rs80870803,7,A,A
rs49469378,7,T,A
rs41531571,7,T,A
rs40634342,7,T,G
rs36367718,7,C,A
rs38302537,7,G,T
rs12371336,7,A,C
rs31479638,7,C,G
rs56704146,7,G,A
rs81606290,7,A,T
rs62798966,7,G,T
rs30908586,7,A,C
rs86719028,7,T,G
rs72106070,7,C,A
rs6789504,7,G,G
rs76579881,7,A,A
rs15374316,7,C,C
rs1736475,7,G,G
rs71395710,7,A,A
rs46535975,7,C,C
rs36808096,7,G,G
rs11125359,7,A,A
rs59675639,7,G,A
rs41797504,7,A,T
rs37245344,7,A,A
rs63958438,7,C,A
rs10716225,7,G,A
rs5730504,7,A,A
rs82455188,7,A,C
rs83442244,7,C,G
rs62653819,7,G,A
rs70286587,7,A,C
rs96517535,7,A,G
rs65826601,7,C,A
rs36548612,7,G,C
rs40363643,7,A,G
rs22155909,7,A,A
rs2970178,7,G,A
rs1916441,7,A,T
rs59247805,7,C,G
rs713598,7,C,G
rs18306988,7,G,A
rs3316151,7,A,G
rs1764316,7,T,A
rs43879512,7,A,T
rs29147996,7,G,T
rs89268658,7,A,C
rs53943889,7,A,G
rs41030904,7,T,A
rs46351508,7,C,T
rs68962179,7,G,G
rs98885038,7,A,A
rs441514,7,A,G
rs77731379,7,C,A
rs6968865,7,A,T
rs9728694,7,G,T
rs75894252,7,A,T
rs70944693,7,T,A
rs84996316,7,A,C
rs28768242,7,C,G
rs22053062,7,G,A
rs9803996,7,A,C
rs54103005,7,A,G
rs57968536,7,C,A
rs17996587,8,G,T
rs26066599,8,A,G
rs28593272,8,G,A
rs50189451,8,A,T
rs40167675,8,A,G
rs34199858,8,C,A
rs52088381,8,G,A
rs21684774,8,A,G
rs27531707,8,T,A
rs18620012,8,A,G
rs15434641,8,T,A
rs12079663,8,G,T
rs60751524,8,A,A
rs97789285,8,G,A
rs36155853,8,A,T
rs99583350,8,T,A
rs81271952,8,T,G
rs93071532,8,A,A
rs59839595,8,A,T
rs31389195,8,C,G
rs24358630,8,G,A
rs8599163,8,A,A
rs66932664,8,A,A
rs55737498,8,G,A
rs76147355,8,A,A
rs84589064,8,A,A
rs98195608,8,T,G
rs52790934,8,C,A
rs21062982,8,G,A
rs42322173,8,A,C
rs3848167,8,C,G
rs72061202,8,G,A
rs17357201,8,A,G
rs79185942,8,A,A
rs72192530,8,T,A
rs33991569,8,G,C
rs95836342,8,A,G
rs92434061,8,A,A
rs2924509,8,T,T
rs5725988,8,T,C
rs80864205,8,G,G
rs10736214,8,A,A
rs33315372,8,G,G
rs32637109,8,A,A
rs33167373,8,A,A
rs20981608,8,A,A
rs82048321,8,T,T
rs60602617,8,A,T
rs34347104,8,G,G
rs34924893,8,A,A
rs84017503,8,G,G
rs7688542,8,A,A
rs15285277,8,A,T
rs17599432,8,A,C
rs93174388,8,C,G
rs20824799,8,G,A
rs16228022,8,A,C
rs15932287,8,C,G
rs22670223,8,G,A
rs57913039,8,A,G
rs36802787,8,C,A
rs71881189,8,G,C
rs58485165,8,A,G
rs12149251,8,T,A
rs55290814,8,C,C
rs15786515,8,G,G
rs47023294,8,A,A
rs8342314,8,T,T
rs98231367,8,C,T
rs52108302,8,G,G
rs93637667,8,A,A
rs46295147,8,G,T
rs4650385,8,A,T
rs25076596,8,T,C
rs7946403,8,C,G
rs67034227,8,G,A
rs18358546,8,A,T
rs88065673,8,C,G
rs37706831,8,G,A
rs41541193,8,A,T
rs45021807,8,T,C
rs7886953,8,C,G
rs89768932,8,G,A
rs50379105,8,A,A
rs88954191,8,G,T
rs97079245,8,A,C
rs46299151,8,T,G
rs62434118,8,C,A
rs4152657,8,G,A
rs24591650,8,A,A
rs99999974,8,C,G
rs75676749,8,G,A
rs35042615,8,A,G
rs5563114,8,A,A
rs16785746,8,G,G
rs31507139,8,A,A
rs17672124,8,T,C
rs96022810,8,T,G
rs88450203,8,G,A
rs25718354,8,A,T
rs41544017,8,A,T
rs44459289,8,A,T
rs58156925,8,C,T
rs12222884,8,G,A
rs72795268,8,A,T
rs14179786,8,T,T
rs22075836,8,C,A
rs18388226,8,G,T
rs70310936,8,A,G
rs37274047,8,T,A
rs12255820,8,C,G
rs87520726,8,G,A
rs42160426,8,A,T
rs69980327,8,T,G
rs16752648,8,A,A
rs8379765,8,A,C
rs72263369,8,C,G
rs96329985,8,G,A
rs30380125,8,A,C
rs46293020,8,A,G
rs23582798,8,C,A
rs72708183,8,G,A
rs84237516,8,A,G
rs2671850,8,C,A
rs32312421,8,G,A
rs32622864,8,A,A
rs73475171,8,T,A
rs97217945,8,A,C
rs98294607,8,G,G
rs24945595,8,A,A
rs4809214,8,T,C
rs81917009,9,T,G
rs75777389,9,C,A
rs59294436,9,G,G
rs7113344,9,A,A
rs78551099,9,C,C
rs86764501,9,G,G
rs19866949,9,A,A
rs38967831,9,G,A
rs33525460,9,A,G
rs5975851,9,C,A
rs88852521,9,G,T
rs37854365,9,A,C
rs21516603,9,G,G
rs3535136,9,A,A
rs84472821,9,A,G
rs26311553,9,A,A
rs33224029,9,T,A
rs63094651,9,A,A
rs8821980,9,C,G
rs8854982,9,G,A
rs13670005,9,A,T
rs52752889,9,T,G
rs18431932,9,C,A
rs24641977,9,G,C
rs67802618,9,A,G
rs4677533,9,G,A
rs97100267,9,A,T
rs20643284,9,T,C
rs24304050,9,G,G
rs89105055,9,A,A
rs82983399,9,C,C
rs27354276,9,G,G
rs37498030,9,A,A
rs82474541,9,A,G
rs66452844,9,G,A
rs2280472,9,A,T
rs12910911,9,G,C
rs79544491,9,A,G
rs18301444,9,C,A
rs49449444,9,G,C
rs9017399,9,A,G
rs73236074,9,A,A
rs74876232,9,C,C
rs81246104,9,G,G
rs35434038,9,A,A
rs11619511,9,A,T
rs65326511,9,G,A
rs80653233,9,A,G
rs58320748,9,A,A
rs49782618,9,C,A
rs85487922,9,G,A
rs20960462,9,A,A
rs22356786,9,T,T
rs86930513,9,G,T
rs9906675,9,A,G
rs59042056,9,A,A
rs97914100,9,C,C
rs62971460,9,G,G
rs82809447,9,A,A
rs81451345,9,G,A
rs32562128,9,A,C
rs79393171,9,G,G
rs89744568,9,A,A
rs29802985,9,G,A
rs44940989,9,A,C
rs78962573,9,A,G
rs5981396,9,G,A
rs91289158,9,A,T
rs13346539,9,A,T
rs12081878,9,C,T
rs61066507,9,G,A
rs91221858,9,A,A
rs84244731,9,A,A
rs1477537,9,A,G
rs74820965,9,C,A
rs36570206,9,G,T
rs98490983,9,A,C
rs9951562,9,G,G
rs71896837,9,A,A
rs1333049,9,C,G
rs42777167,9,C,A
rs98292865,9,G,G
rs29214306,9,A,A
rs9370343,9,T,A
rs35086851,9,C,C
rs74490505,9,G,G
rs3318893,9,A,A
rs92480795,9,T,A
rs93547554,9,A,T
rs30562996,9,A,G
rs52098806,9,C,A
rs18729120,9,G,T
rs57101499,9,A,C
rs20805615,9,A,G
rs96241605,9,G,A
rs78662956,9,A,C
rs34798610,9,C,G
rs95361873,9,G,A
rs41572212,9,A,T
rs70964643,9,A,C
rs46886464,9,G,G
rs654971,9,A,A
rs5318602,9,C,T
rs65102242,9,G,T
rs29667577,9,A,C
rs91556756,9,G,G
rs44918876,9,A,A
rs7384798,9,A,G
rs30636029,9,T,A
rs86844221,9,T,G
rs95313952,9,G,A
rs21872274,9,A,G
rs6856417,9,G,A
rs93791589,9,A,C
rs34945375,9,C,G
rs91805759,9,G,A
rs21833969,9,A,C
rs98948016,10,C,G
rs30300816,10,G,A
rs68504550,10,A,C
rs35920205,10,A,G
rs65896809,10,T,A
rs20299274,10,T,G
rs94341752,10,C,A
rs69039170,10,G,A
rs44344605,10,A,T
rs62271723,10,A,C
rs92774659,10,C,G
rs19504067,10,G,A
rs33005253,10,A,T
rs37334478,10,T,A
rs88416199,10,C,C
rs26018149,10,G,G
rs52460915,10,A,A
rs97824851,10,C,G
rs86961346,10,G,A
rs83012749,10,A,A
rs73831521,10,G,C
rs73065064,10,A,G
rs75523593,10,G,A
rs82652187,10,A,G
rs40776321,10,T,A
rs57772829,10,T,C
rs19276386,10,G,G
rs54409197,10,A,A
rs79943183,10,G,A
rs14315715,10,A,G
rs48428192,10,T,A
rs8885117,10,C,C
rs69160633,10,G,G
rs9087719,10,A,A
rs90849767,10,G,T
rs92570477,10,A,C
rs39279462,10,G,G
rs48513388,10,A,A
rs39339131,10,A,C
rs42326600,10,C,G
rs69181111,10,G,A
rs6277450,10,A,G
rs11879637,10,A,A
rs99645456,10,G,T
rs28941775 ,10,A,A
rs96849573,10,A,T
rs7974993,10,A,C
rs2462245,10,G,G
rs82796649,10,A,A
rs14132998,10,T,G
rs45521027,10,T,A
rs25846168,10,T,A
rs12987690,10,C,C
rs52071356,10,G,G
rs74394586,10,A,A
rs97960537,10,C,G
rs9495328,10,G,A
rs24166393,10,A,G
rs12787030,10,C,A
rs17889926,10,G,C
rs87803790,10,A,G
rs80923030,10,A,A
rs80939822,10,C,A
rs84286624,10,G,T
rs80347500,10,A,C
rs7903146,10,C,T
rs59550219,10,A,G
rs61382108,10,A,A
rs4569653,10,G,T
rs64732365,10,A,G
rs45078422,10,T,A
rs6815591,10,A,G
rs67727286,10,C,A
rs41712745,10,G,A
rs92947475,10,A,G
rs85752837,10,C,A
rs92767413,10,G,C
rs88160363,10,A,G
rs4839634,10,T,A
rs78542458,10,G,T
rs3913389,10,A,T
rs625395,10,G,T
rs66903858,10,A,A
rs19132045,10,G,C
rs74156586,10,A,G
rs31361985,10,C,A
rs98493384,10,G,G
rs93536754,10,A,A
rs91564074,10,C,T
rs99004432,10,G,C
rs19495585,10,A,G
rs7475315,10,A,A
rs30374358,10,G,A
rs72445144,10,A,G
rs81048416,10,A,A
rs37731830,10,T,A
rs60203672,10,C,C
rs95407868,10,G,G
rs41605019,10,A,A
rs25603069,10,T,G
rs79585676,10,A,A
rs89801437,10,G,T
rs11501332,10,A,C
rs51392034,10,A,G
rs23159587,10,C,A
rs61430109,10,G,T
rs68771449,10,A,C
rs72502245,10,G,G
rs49572019,10,A,A
rs1355992,10,C,A
rs73088622,10,G,G
rs10800595,10,A,A
rs56578236,10,A,G
rs30977269,11,G,A
rs79727277,11,A,T
rs11977438,11,G,A
rs18176235,11,A,C
rs87260313,11,C,G
rs91429350,11,G,A
rs36091606,11,A,A
rs61341850,11,C,T
rs55647468,11,G,A
rs67651677,11,A,A
rs6974946,11,C,A
rs83153024,11,G,G
rs13150604,11,A,A
rs10468393,11,C,T
rs29479404,11,G,T
rs44900488,11,A,C
rs78465793,11,G,G
rs91398183,11,A,A
rs72715895,11,G,C
rs13035238,11,A,G
rs72921001,11,A,C
rs57364625,11,C,A
rs67231459,11,G,G
rs565695,11,A,A
rs96538003,11,T,C
rs43740359,11,G,G
rs13377627,11,A,A
rs81200482,11,T,C
rs70619776,11,A,G
rs39494765,11,A,A
rs49385994,11,T,G
rs4951285,11,G,A
rs91010235,11,A,C
rs84605422,11,A,G
rs50069476,11,C,A
rs81356729,11,G,C
rs61001475,11,A,G
rs8701129,11,T,A
rs70685698,11,T,C
rs78536229,11,C,G
rs78504589,11,G,A
rs49504969,11,A,G
rs10614428,11,C,A
rs16887709,11,G,C
rs24054146,11,A,G
rs65400580,11,G,A
rs34433735,11,A,A
rs15630514,11,T,A
rs6169022,11,G,T
rs46084306,11,A,A
rs64921932,11,A,A
rs47292294,11,C,A
rs63777140,11,G,C
rs99183169,11,A,G
rs21403848,11,G,A
rs91066077,11,A,G
rs108978,11,A,A
rs26110362,11,T,T
rs52543950,11,T,A
rs7423664,11,C,T
rs1815739,11,C,T
rs299608,11,G,T
rs3818370,11,A,G
rs65242072,11,T,A
rs38805315,11,A,T
rs437914,11,G,A
rs76904417,11,A,A
rs66933801,11,A,T
rs60623418,11,A,T
rs72439031,11,T,C
rs94122968,11,G,G
rs26535911,11,A,A
rs73970632,11,G,C
rs92778555,11,A,G
rs7812201,11,G,A
rs49572684,11,A,A
rs41197563,11,C,G
rs15217340,11,G,A
rs15504577,11,A,A
rs39766680,11,A,T
rs53925184,11,T,G
rs95306632,11,C,A
rs49174556,11,G,G
rs52646126,11,A,A
rs39776190,11,C,A
rs69276702,11,G,A
rs99985876,11,A,G
rs43114871,11,C,A
rs56793651,11,G,A
rs31277512,11,A,T
rs11823633,11,C,T
rs83556154,11,G,T
rs21063727,11,A,T
rs70903401,11,A,T
rs35264875,11,A,T
rs13895037,11,A,T
rs59249782,11,T,C
rs24681988,11,G,G
rs67322127,11,A,A
rs37532757,11,C,A
rs32577232,11,G,T
rs45684946,11,A,T
rs49985000,11,G,T
rs79808896,11,A,G
rs47462802,11,T,A
rs19829735,11,G,A
rs68187654,11,A,A
rs13391346,11,G,T
rs16466653,11,A,C
rs3769773,11,C,G
rs36130713,11,G,A
rs35713170,11,A,A
rs63571221,11,C,A
rs17119676,11,G,C
rs29386872,11,A,G
rs21224840,11,G,A
rs17110472,11,A,C
rs15542759,11,A,G
rs7201724,11,A,A
rs83497135,11,A,C
rs99532053,11,C,G
rs12673831,11,G,A
rs67555007,11,A,C
rs88299905,11,T,G
rs50687806,11,A,A
rs42123532,11,C,T
rs41504174,11,G,G
rs67194483,11,A,A
rs46971815,11,C,C
rs71895621,11,G,G
rs2044659,11,A,A
rs76352540,11,G,C
rs19187634,11,A,G
rs79514984,11,T,A
rs94164418,11,A,G
rs62817832,11,C,A
rs33134190,11,G,T
rs22023502,11,A,C
rs25195525,11,G,G
rs76502674,11,A,A
rs59252106,11,T,A
rs10326959,11,G,T
rs92061266,11,A,G
rs69021329,11,T,A
rs87822027,11,C,G
rs49420295,11,G,A
rs52394726,11,A,G
rs78389831,12,T,A
rs34672853,12,G,G
rs58729417,12,A,A
rs15791954,12,T,T
rs83652997,12,C,T
rs52402130,12,G,A
rs82715164,12,A,C
rs88106330,12,G,G
rs65849127,12,A,A
rs38379871,12,G,A
rs29635603,12,A,G
rs6507329,12,G,A
rs77457797,12,A,C
rs86993517,12,G,G
rs27737463,12,A,A
rs60507831,12,G,A
rs15200311,12,A,A
rs93875496,12,C,A
rs45693250,12,G,T
rs24279444,12,A,C
rs10659606,12,C,G
rs96434130,12,G,A
rs55196667,12,A,G
rs98851791,12,C,A
rs77982364,12,G,C
rs49940225,12,A,G
rs90013140,12,C,A
rs13445987,12,G,G
rs89838124,12,A,A
rs64204015,12,G,A
rs45431899,12,A,C
rs71206022,12,T,G
rs66268732,12,T,A
rs56103881,12,C,T
rs80778027,12,G,C
rs7346534,12,A,G
rs14521693,12,T,A
rs29189742,12,G,T
rs38640498,12,A,C
rs97434485,12,A,G
rs85283292,12,T,A
rs78920409,12,T,A
rs27819885,12,T,T
rs63576223,12,C,G
rs31139394,12,G,A
rs77534131,12,A,G
rs13070579,12,A,A
rs57376239,12,G,C
rs77498964,12,A,G
rs22220649,12,T,A
rs56978844,12,T,A
rs74933876,12,C,T
rs50575516,12,G,G
rs87588804,12,A,A
rs8721650,12,G,T
rs17794772,12,A,C
rs51917071,12,T,G
rs26270719,12,G,A
rs48966801,12,A,T
rs23282712,12,G,G
rs671,12,G,A
rs84894434,12,A,A
rs58669488,12,G,A
rs55862143,12,A,A
rs52788277,12,G,C
rs84719028,12,A,G
rs96318884,12,C,A
rs80631009,12,G,C
rs27007514,12,A,G
rs83309167,12,G,A
rs18670583,12,A,G
rs49098331,12,C,A
rs40259553,12,G,T
rs73872360,12,A,A
rs25427927,12,G,A
rs97402781,12,A,A
rs61868626,12,T,G
rs73569924,12,T,A
rs16601388,12,A,C
rs88182039,12,T,G
rs18493531,12,G,A
rs15334536,12,A,A
rs44706918,12,A,T
rs86683414,12,C,G
rs50861137,12,G,A
rs35252945,12,A,G
rs14470946,12,G,A
rs25162780,12,A,G
rs36787632,12,T,A
rs50373190,12,C,A
rs41204032,12,G,A
rs66845570,12,A,A
rs33587633,12,T,C
rs26079128,12,T,G
rs28873311,12,A,A
rs15734289,12,G,A
rs24011754,12,A,A
rs1995642,12,T,G
rs12609255,12,T,A
rs60612494,12,A,G
rs79542785,12,T,A
rs23896276,12,A,T
rs24121541,12,A,C
rs43243689,12,A,G
rs96491956,12,A,A
rs73634865,12,T,A
rs21875267,12,T,G
rs50690822,12,A,A
rs31493380,12,T,G
rs61069865,12,G,A
rs74412824,12,A,A
rs86114532,12,G,G
rs79234684,12,A,A
rs42342750,12,A,T
rs91893993,12,G,A
rs42754823,12,A,G
rs49874843,12,C,A
rs90225551,12,G,T
rs958352,12,A,A
rs93680432,12,G,T
rs55763940,12,A,C
rs50755145,12,G,G
rs84654060,12,A,A
rs27132319,12,C,C
rs49112594,12,G,G
rs19849964,12,A,A
rs94038237,12,C,A
rs39725258,12,G,T
rs58315489,12,A,G
rs84357621,12,G,A
rs98890222,12,A,G
rs3544138,12,A,A
rs29267355,12,A,G
rs3703174,12,T,A
rs16672156,12,A,A
rs19223663,12,A,A
rs23600631,12,A,A
rs50449551,12,T,G
rs47986135,12,T,A
rs72505575,12,A,C
rs86537406,12,A,G
rs97803080,12,G,A
rs87171320,12,A,A
rs42148212,12,G,T
rs2460345,12,A,A
rs13696652,12,G,C
rs48371623,12,A,G
rs58216764,12,G,A
rs45132736,12,A,A
rs30268088,12,T,T
rs27903266,12,A,G
rs36722273,12,A,A
rs18552119,12,G,G
rs9740333,12,A,A
rs67340974,12,C,T
rs87366158,12,G,G
rs14875474,12,A,A
rs24828615,12,G,C
rs99401541,12,A,G
rs88711748,12,T,A
rs40942665,12,A,A
rs37578672,12,C,A
rs97478596,12,G,A
rs47846873,12,A,T
rs75866136,12,A,T
rs64048297,12,A,A
rs79844000,12,T,A
rs56158549,12,G,G
rs43392528,12,A,A
rs84911083,12,T,A
rs41503234,12,G,A
rs31962134,12,A,T
rs78310871,12,T,C
rs87597228,13,A,G
rs41720833,13,T,A
rs92763302,13,C,T
rs87528878,13,G,C
rs97285186,13,A,G
rs63145326,13,C,A
rs70130941,13,G,C
rs97676093,13,A,G
rs43968224,13,G,A
rs22655961,13,A,T
rs48228569,13,T,G
rs52229079,13,T,A
rs12461168,13,C,A
rs83094398,13,G,A
rs87260573,13,A,T
rs23850746,13,G,T
rs23005189,13,A,A
rs77058615,13,G,C
rs63204026,13,A,G
rs17370516,13,C,A
rs94939301,13,G,A
rs86657740,13,A,A
rs42988286,13,C,A
rs42661482,13,G,T
rs87164218,13,A,T
rs35102361,13,A,T
rs83029736,13,G,C
rs35867471,13,A,G
rs99351344,13,G,A
rs95428466,13,A,G
rs91053595,13,C,A
rs34161958,13,G,T
rs74152758,13,A,T
rs13569925,13,A,A
rs22958579,13,C,C
rs16533329,13,G,G
rs41337576,13,A,A
rs93421782,13,G,T
rs82650868,13,A,T
rs63612881,13,T,C
rs84686590,13,C,G
rs91525606,13,G,A
rs29900329,13,A,T
rs44460878,13,C,T
rs62295210,13,G,C
rs39772949,13,A,G
rs38672191,13,A,A
rs73202333,13,G,G
rs16497016,13,A,A
rs13515900,13,T,A
rs49406496,13,C,T
rs11212054,13,G,A
rs2304736,13,A,C
rs17211414,13,T,G
rs22251919,13,C,A
rs10024211,13,G,A
rs2810198,13,A,A
rs62790669,13,T,C
rs39723771,13,T,G
rs44018024,13,C,A
rs73205991,13,G,A
rs8956155,13,A,T
rs79356769,13,G,C
rs94193729,13,A,G
rs32137052,13,A,A
rs90172389,13,A,A
rs8193667,13,A,G
rs11109940,13,T,A
rs7624245,13,T,T
rs70728798,13,C,A
rs82801615,13,G,C
rs42322111,13,A,G
rs79938204,13,C,A
rs52692086,13,G,A
rs74124807,13,A,T
rs41570960,13,C,T
rs62179833,13,G,G
rs86265485,13,A,A
rs79956849,13,G,C
rs59353241,13,A,G
rs65203611,13,G,A
rs50464728,13,A,T
rs43074795,13,A,T
rs51678950,13,A,G
rs63399173,13,C,A
rs54847924,13,G,A
rs35825466,13,A,C
rs63844978,13,T,G
rs54978415,13,A,A
rs87542858,13,C,A
rs98747577,13,G,G
rs55339624,13,A,A
rs6128454,13,A,G
rs673992,13,C,A
rs48655838,13,G,C
rs44504621,13,A,G
rs21877343,13,G,A
rs91711060,13,A,G
rs67524311,13,G,A
rs83262807,13,A,T
rs55325947,13,C,T
rs4305062,13,G,G
rs86366107,13,A,A
rs48607411,13,T,C
rs80174301,13,G,G
rs72053275,13,A,A
rs8049858,13,A,C
rs99358277,13,A,G
rs75034432,13,G,A
rs47890567,13,A,G
rs83218104,13,T,A
rs40233135,13,C,A
rs92385015,13,G,T
rs63982860,13,A,G
rs50284459,13,T,A
rs67942365,13,A,C
rs94190204,13,G,G
rs50479660,13,A,A
rs61904964,13,G,A
rs86248878,13,A,C
rs87684717,13,G,G
rs4708384,13,A,A
rs66922340,13,T,G
rs68129504,13,T,A
rs56251100,13,T,G
rs23712056,13,T,A
rs24472791,13,A,A
rs60813276,13,A,A
rs64780727,13,A,A
rs56073645,13,C,C
rs78951204,13,G,G
rs29153399,13,A,A
rs35371660,13,T,C
rs646472,13,G,G
rs81601836,13,A,A
rs61133611,13,G,A
rs10280543,13,A,T
rs5186797,13,T,A
rs31763993,13,A,G
rs74551018,13,T,A
rs51494373,13,A,A
rs66305587,13,G,T
rs93579275,13,A,G
rs90566175,13,C,A
rs67049363,13,G,T
rs83286163,13,A,A
rs79633739,13,C,A
rs82414888,13,G,G
rs21686542,13,A,A
rs12261824,13,A,T
rs15841943,13,C,T
rs56173651,13,G,G
rs95465444,13,A,A
rs18423840,13,A,G
rs60093573,13,T,A
rs5640026,13,C,T
rs21300137,13,G,G
rs62652145,13,A,A
rs18100193,13,C,C
rs93571189,13,G,G
rs49549867,13,A,A
rs81653986,13,C,C
rs22594593,13,G,G
rs69065642,13,A,A
rs45634753,13,C,A
rs90792851,13,G,A
rs81331032,13,A,G
rs25645641,13,A,A
rs75127199,13,T,C
rs56591367,13,G,G
rs84974909,13,A,A
rs85048350,13,C,C
rs68351658,13,G,G
rs9491924,13,A,A
rs13209555,13,G,A
rs31506518,13,A,T
rs43984781,13,T,A
rs45137443,13,A,G
rs30293036,13,T,A
rs39891616,13,G,A
rs1765020,13,A,C
rs24616862,13,A,G
rs99923577,13,T,A
rs8154869,13,A,T
rs95123763,13,A,G
rs3874849,13,T,A
rs30685740,13,C,A
rs12542982,13,G,T
rs31702505,13,A,G
rs45644578,13,A,A
rs25027540,13,G,G
rs56203498,13,A,A
rs60833514,13,A,T
rs10705745,13,C,G
rs33573418,13,G,A
rs6081196,13,A,T
rs42801269,13,A,A
rs45651077,13,T,G
rs85816773,13,G,A
rs82563504,13,A,A
rs44306680,13,G,A
rs31864906,13,A,G
rs88960437,13,G,A
rs88949456,13,A,A
rs4839675,13,A,G
rs47922885,13,A,A
rs96567196,13,C,G
rs52954259,13,G,A
rs53964925,13,A,G
rs67957904,13,C,A
rs22191540,13,G,G
rs19443678,13,A,A
rs97465510,13,T,A
rs47882697,13,A,A
rs35853849,13,A,G
rs287206,13,T,A
rs79651368,13,G,C
rs70283736,13,A,G
rs56393709,13,T,A
rs57791905,13,T,A
rs18869205,13,T,G
rs28974294,13,G,A
rs59179221,13,A,A
rs988673,13,T,G
rs95901020,13,C,A
rs60239444,13,G,G
rs34411125,13,A,A
rs89548308,14,T,C
rs69664532,14,T,G
rs3410613,14,A,A
rs35119758,14,C,C
rs47183438,14,G,G
rs7492954,14,A,A
rs70300348,14,C,T
rs16588650,14,G,T
rs70959467,14,A,C
rs92895974,14,G,G
rs41639849,14,A,A
rs87707127,14,C,G
rs9347479,14,G,A
rs77993711,14,A,A
rs68873989,14,G,A
rs53183036,14,A,A
rs21235084,14,T,C
rs23701944,14,G,G
rs11969670,14,A,A
rs56572402,14,A,G
rs17792176,14,C,A
rs34861398,14,G,T
rs27546841,14,A,G
rs76074428,14,G,A
rs27727462,14,A,A
rs96585167,14,C,A
rs51713471,14,G,T
rs66997862,14,A,T
rs28063549,14,A,A
rs41266071,14,T,A
rs80666678,14,A,G
rs34976497,14,G,A
rs37838832,14,A,T
rs34756664,14,C,A
rs43923147,14,G,C
rs73281954,14,A,G
rs92388856,14,C,A
rs8555871,14,G,A
rs24739221,14,A,A
rs4934557,14,T,C
rs66201497,14,T,G
rs54299642,14,T,A
rs71237051,14,C,T
rs94839592,14,G,T
rs48520373,14,A,G
rs88082277,14,C,A
rs47674052,14,G,A
rs51811866,14,A,T
rs97909174,14,G,C
rs67764830,14,A,G
rs95472218,14,T,A
rs86051924,14,C,C
rs69615678,14,G,G
rs13757732,14,A,A
rs46318664,14,C,G
rs65409351,14,G,A
rs80642246,14,A,C
rs79169788,14,C,G
rs87107331,14,G,A
rs47362415,14,A,T
rs85419979,14,G,C
rs58313638,14,A,G
rs73930929,14,A,A
rs86745663,14,C,G
rs30408940,14,G,A
rs29979554,14,A,T
rs47444230,14,A,A
rs4868552,14,C,C
rs95273883,14,G,G
rs15491389,14,A,A
rs56530538,14,A,C
rs63105372,14,C,G
rs13162447,14,G,A
rs26484214,14,A,T
rs44069607,14,A,A
rs88492790,14,G,C
rs37375364,14,A,G
rs93426622,14,C,A
rs81936170,14,G,A
rs88892032,14,A,C
rs45873134,14,T,G
rs32365026,14,A,A
rs63539517,14,G,A
rs64854578,14,A,A
rs66480233,14,A,A
rs30802968,14,T,C
rs51928083,14,C,G
rs13542285,14,G,A
rs18739094,14,A,T
rs69134070,14,A,A
rs13040494,14,C,A
rs74507412,14,G,A
rs48157769,14,A,T
rs68510422,14,T,C
rs47424685,14,A,G
rs17024035,14,C,A
rs10025110,14,G,C
rs45690028,14,A,G
rs62524445,14,A,A
rs10224932,14,C,G
rs84886278,14,G,A
rs47025429,14,A,T
rs397110,14,G,C
rs96809977,14,A,G
rs18549006,14,A,A
rs48388184,14,C,G
rs49911806,14,G,A
rs93993803,14,A,T
rs23601474,14,T,C
rs50134453,14,A,G
rs43161251,14,T,A
rs30759726,14,G,G
rs43636625,14,A,A
rs58402510,14,G,C
rs61195287,14,A,G
rs23341589,14,T,A
rs4898837,14,T,C
rs36388000,14,A,G
rs51566481,14,A,A
rs60650012,14,C,G
rs35466926,14,G,A
rs87285073,14,A,A
rs36956247,14,A,G
rs17394033,14,G,A
rs20241470,14,A,C
rs89647984,14,A,G
rs187485,14,T,A
rs66525250,14,C,G
rs94114658,14,G,A
rs29590042,14,A,C
rs90376663,14,C,G
rs94915842,14,G,A
rs51607863,14,A,T
rs37406789,14,A,G
rs50987881,14,T,A
rs59861800,14,G,A
rs92020129,14,A,G
rs29458196,14,A,A
rs81599856,14,T,A
rs25903828,14,T,A
rs34492953,14,G,T
rs86368235,14,A,A
rs58940127,14,G,C
rs11661898,14,A,G
rs46987662,14,A,A
rs38212972,14,A,G
rs32961786,14,T,A
rs89810230,14,A,G
rs32386814,14,G,A
rs74158365,14,A,A
rs3806609,14,G,C
rs7696142,14,A,G
rs67300585,14,A,A
rs59745258,14,A,A
rs9486739,14,C,G
rs56452295,14,G,A
rs13562103,14,A,T
rs15344005,14,C,T
rs95777815,14,G,T
rs88773495,14,A,G
rs19683526,14,C,A
rs22532291,14,G,A
rs61635839,14,A,C
rs56828153,14,T,G
rs2353625,14,C,A
rs88505546,14,G,A
rs76956135,14,A,A
rs66311160,14,T,A
rs65205531,14,C,T
rs38571876,14,G,T
rs1719810,14,A,C
rs1603276,14,G,G
rs19100368,14,A,A
rs41503494,14,T,G
rs3185946,14,C,A
rs90261192,14,G,C
rs43024035,14,A,G
rs81255005,14,C,A
rs36132712,14,G,T
rs57542857,14,A,C
rs26697719,14,T,G
rs79648367,14,C,A
rs26935543,14,G,T
rs52245225,14,A,C
rs58574462,14,G,G
rs6695910,14,A,A
rs63202301,14,T,G
rs94688223,14,C,A
rs75670944,14,G,T
rs99999937,14,A,A
rs28546508,14,C,C
rs39110403,14,G,G
rs51373131,14,A,A
rs42990459,14,C,T
rs57775451,14,G,A
rs97325923,14,A,T
rs92094354,14,T,C
rs58268247,14,C,G
rs1457949,14,G,A
rs35355284,14,A,G
rs53701443,14,C,A
rs4720127,14,G,T
rs17386202,14,A,G
rs98754114,15,T,A
rs3153188,15,T,A
rs53278439,15,T,T
rs89636958,15,T,C
rs75553461,15,T,G
rs61640411,15,C,A
rs15963851,15,G,G
rs19768243,15,A,A
rs51988949,15,T,C
rs13043815,15,A,G
rs74581693,15,C,A
rs34972676,15,G,G
rs98422460,15,A,A
rs10007806,15,C,T
rs5940950,15,G,T
rs83027308,15,A,A
rs86709525,15,G,G
rs88723047,15,A,A
rs13706459,15,A,C
rs29876643,15,T,G
rs76978446,15,G,A
rs88264367,15,A,C
rs48493101,15,T,G
rs54076015,15,C,A
rs84350848,15,G,T
rs68764029,15,A,A
rs61901902,15,G,A
rs98157426,15,A,G
rs40383175,15,A,A
rs38597775,15,A,G
rs57189278,15,A,A
rs46905993,15,A,T
rs25094186,15,G,A
rs25841893,15,A,C
rs22607486,15,C,G
rs81218320,15,G,A
rs35572654,15,A,C
rs71820263,15,G,G
rs86498263,15,A,A
rs41508713,15,G,G
rs74464921,15,A,A
rs64772714,15,T,G
rs2637470,15,T,A
rs12913832,15,A,G
rs37076206,15,G,C
rs52347768,15,A,G
rs24493025,15,A,A
rs62973474,15,T,A
rs38356118,15,C,T
rs75593580,15,G,G
rs41517447,15,A,A
rs8013315,15,A,T
rs71759919,15,C,A
rs80849553,15,G,G
rs62413652,15,A,A
rs70660930,15,C,A
rs35195610,15,G,C
rs69628489,15,A,G
rs84381233,15,T,A
rs21106713,15,C,G
rs98682691,15,G,A
rs71287721,15,A,T
rs26093259,15,T,T
rs76173994,15,G,A
rs14730644,15,A,A
rs84946370,15,A,T
rs1122107,15,C,C
rs17349743,15,G,G
rs48177081,15,A,A
rs71010995,15,A,T
rs27575516,15,C,T
rs62872181,15,G,A
rs83783252,15,A,G
rs25581618,15,G,A
rs46628284,15,A,A
rs53840915,15,A,G
rs55894517,15,T,A
rs37226698,15,T,T
rs85727578,15,A,T
rs93355082,15,A,T
rs75339743,15,G,T
rs30735530,15,A,C
rs27548604,15,C,G
rs53274864,15,G,A
rs36233409,15,A,T
rs53009282,15,C,T
rs80726506,15,G,T
rs98456218,15,A,A
rs47793445,15,A,C
rs38033140,15,G,G
rs66852722,15,A,A
rs50923525,15,C,C
rs57150617,15,G,G
rs77227653,15,A,A
rs29272678,15,T,C
rs90155169,15,G,G
rs30546124,15,A,A
rs95660395,15,C,T
rs55999319,15,G,T
rs9744107,15,A,C
rs44031602,15,C,G
rs53528645,15,G,A
rs61111500,15,A,A
rs50563490,15,G,C
rs99684829,15,A,G
rs34288636,15,A,A
rs67703933,15,C,T
rs37596500,15,G,C
rs93641346,15,A,G
rs99256518,15,T,A
rs8277217,15,T,A
rs87046902,15,C,C
rs55575644,15,G,G
rs76929329,15,A,A
rs1051730,15,C,T
rs24635029,15,A,T
rs11608328,15,G,C
rs54764651,15,A,G
rs51910526,15,G,A
rs10653155,15,A,T
rs33967801,15,T,C
rs76810842,15,T,G
rs74373015,15,C,A
rs38659799,15,G,G
rs21420814,15,A,A
rs77068085,15,A,A
rs42667270,16,A,G
rs38453269,16,G,A
rs10082139,16,A,A
rs34333647,16,A,T
rs55380966,16,A,A
rs25287069,16,C,G
rs34350207,16,G,A
rs30943955,16,A,T
rs85430307,16,C,G
rs70852537,16,G,A
rs45354465,16,A,A
rs88252075,16,C,T
rs69828510,16,G,T
rs14987461,16,A,A
rs78219924,16,A,T
rs12398933,16,C,G
rs71150505,16,G,A
rs92032804,16,A,A
rs28878035,16,T,T
rs33225341,16,T,C
rs97123507,16,A,G
rs98575179,16,C,A
rs86116494,16,G,C
rs13492826,16,A,G
rs8944357,16,C,A
rs55825277,16,G,A
rs28854410,16,A,C
rs74245386,16,T,G
rs37356830,16,T,A
rs19158664,16,C,G
rs10580646,16,G,A
rs65924703,16,A,G
rs30587827,16,G,A
rs38207622,16,A,A
rs6484917,16,A,G
rs91417632,16,A,A
rs67017109,16,G,G
rs50786930,16,A,A
rs98270570,16,G,C
rs92488740,16,A,G
rs3103892,16,A,A
rs31448966,16,T,T
rs3684756,16,T,T
rs1805007,16,C,C
rs60593935,16,C,G
rs87240191,16,G,A
rs60314168,16,A,A
rs13946338,16,C,A
rs68913839,16,G,A
rs99069489,16,A,C
rs25133860,16,A,G
rs75681118,16,G,A
rs77841975,16,A,G
rs26028074,16,A,A
rs81704269,16,C,C
rs66730212,16,G,G
rs12150278,16,A,A
rs62819808,16,G,A
rs4236391,16,A,T
rs25995278,16,T,T
rs71109746,16,T,C
rs65080697,16,T,G
rs16916911,16,C,A
rs13693495,16,G,G
rs22030850,16,A,A
rs27304975,16,C,C
rs58398708,16,G,G
rs22612652,16,A,A
rs35825599,16,G,C
rs89350887,16,A,G
rs97938636,16,A,A
rs78926149,16,A,T
rs24214249,16,A,T
rs37173427,16,A,A
rs62468535,16,T,G
rs25724479,16,T,A
rs96838409,16,G,A
rs24718336,16,A,C
rs25647011,16,A,G
rs85858394,16,C,A
rs17029999,16,G,G
rs31010348,16,A,A
rs14189813,16,C,T
rs78028246,16,G,G
rs41397048,16,A,A
rs6217833,16,A,A
rs68232705,16,A,T
rs52308684,16,G,A
rs15137593,16,A,G
rs3722329,16,C,A
rs5514756,16,G,C
rs4454364,16,A,G
rs78457414,16,G,A
rs53549755,16,A,T
rs24793445,16,T,G
rs74107169,16,T,A
rs34017407,16,G,T
rs37446403,16,A,A
rs99145446,16,T,G
rs65225641,16,G,A
rs10607689,16,A,G
rs48407091,16,C,A
rs11304920,16,G,T
rs41435982,16,A,A
rs60417785,16,A,G
rs1388079,16,C,A
rs90738716,16,G,G
rs65353102,16,A,A
rs66221716,16,T,A
rs50820254,16,C,T
rs85947638,16,G,T
rs54862366,16,A,G
rs894024,16,T,A
rs35260584,16,T,C
rs45310771,16,A,G
rs33273589,16,G,A
rs50915903,16,A,G
rs63059165,16,G,A
rs16398030,16,A,T
rs89163377,16,A,C
rs16829113,16,T,G
rs47519607,16,G,A
rs28011635,16,A,A
rs71549788,16,C,C
rs14103902,16,G,G
rs9939609,16,A,T
rs64803130,16,A,A
rs4749725,16,T,T
rs1067332,16,C,T
rs78547149,16,G,C
rs24903983,16,A,G
rs2061511,16,A,A
rs71281566,16,T,C
rs49820257,16,A,G
rs42698321,16,G,A
rs65223835,16,A,C
rs81057165,16,C,G
rs37396141,16,G,A
rs28055314,16,A,G
rs81578499,16,G,A
rs10543663,16,A,C
rs97743976,16,C,G
rs59559983,16,G,A
rs50763243,16,A,G
rs75835625,16,A,A
rs14836552,16,C,C
rs25965387,16,G,G
rs20592204,16,A,A
rs29677343,16,T,A
rs26388688,16,T,T
rs7662962,16,C,A
rs37666029,16,G,T
rs28042279,16,A,A
rs96600244,16,T,G
rs1885813,16,A,A
rs36278501,16,G,C
rs62307231,16,A,G
rs81439052,16,T,A
rs69664167,16,T,C
rs90480688,16,G,G
rs99476833,16,A,A
rs18817390,16,A,T
rs8319295,16,G,A
rs49882119,16,A,A
rs90378875,16,A,G
rs44168769,16,T,A
rs18400909,16,C,G
rs9728193,16,G,A
rs66786492,16,A,G
rs19214327,16,A,A
rs86358221,16,G,C
rs3815310,16,A,G
rs45978933,16,G,A
rs96147274,16,A,A
rs32220485,16,T,G
rs45615682,16,C,A
rs74338460,16,G,G
rs6414236,16,A,A
rs59721208,16,G,A
rs99652175,16,A,C
rs97042723,16,C,G
rs18365358,16,G,A
rs53795924,16,A,G
rs22180711,16,C,A
rs7906072,16,G,A
rs23422910,16,A,G
rs90985235,16,C,A
rs17822931,16,T,T
rs65397323,16,G,G
rs13857758,16,A,A
rs64145517,16,C,T
rs19077877,16,G,A
rs94097976,16,A,A
rs45535680,16,G,T
rs24640416,16,A,G
rs32870473,16,C,A
rs3319585,16,G,T
rs46833648,16,A,T
rs51511959,16,T,C
rs36431014,17,G,G
rs84655082,17,A,A
rs19931385,17,A,T
rs11340200,17,A,A
rs97125576,17,G,T
rs92575367,17,A,A
rs54140218,17,C,A
rs41724377,17,G,A
rs10978819,17,A,A
rs61500369,17,T,A
rs41554429,17,A,C
rs74722794,17,G,G
rs35519252,17,A,A
rs75938734,17,A,T
rs53249631,17,G,G
rs44501887,17,A,A
rs40396662,17,T,G
rs83176764,17,G,A
rs54126879,17,A,G
rs17309216,17,T,A
rs24136928,17,A,T
rs26910341,17,G,A
rs54001223,17,A,T
rs5359368,17,T,G
rs42707162,17,A,A
rs11510985,17,G,T
rs26874190,17,A,T
rs41729824,17,C,C
rs36898300,17,G,G
rs46900133,17,A,A
rs46804627,17,A,A
rs35249153,17,T,A
rs47411691,17,C,C
rs7830443,17,G,G
rs91226691,17,A,A
rs41884285,17,G,G
rs37023678,17,A,A
rs14088690,17,T,C
rs48956011,17,T,G
rs86798624,17,C,A
rs35339806,17,G,A
rs73960539,17,A,A
rs7690052,17,G,T
rs64686380,17,A,C
rs16396120,17,C,G
rs94016118,17,G,A
rs58065963,17,A,T
rs94419523,17,T,C
rs26188002,17,A,G
rs95528599,17,C,A
rs34142569,17,G,T
rs76475793,17,A,C
rs68989881,17,T,G
rs62359066,17,T,A
rs76036988,17,A,C
rs17297298,17,T,G
rs39746426,17,G,A
rs31108388,17,A,A
rs43953105,17,C,C
rs17712951,17,G,G
rs34486202,17,A,A
rs19634001,17,A,A
rs6475775,17,T,G
rs64636927,17,T,A
rs69320806,17,T,G
rs86691415,17,A,A
rs74509392,17,A,T
rs96879725,17,C,G
rs32914269,17,G,A
rs49904227,17,A,A
rs79928799,17,T,A
rs7634945,17,G,G
rs83428733,17,A,A
rs34926351,17,G,A
rs9353314,17,A,G
rs72682695,17,C,A
rs62624650,17,G,C
rs16122488,17,A,G
rs98985507,17,T,A
rs54972428,17,T,A
rs82112879,17,G,G
rs11884774,17,A,A
rs65147643,17,A,C
rs92459018,17,C,G
rs76888252,17,G,A
rs8766117,17,A,C
rs26267195,17,G,G
rs47123764,17,A,A
rs47738299,17,A,C
rs41420222,17,G,G
rs57003845,17,A,A
rs53454786,17,G,A
rs49046284,17,A,A
rs95112757,17,C,G
rs74719621,17,G,A
rs47504197,17,A,A
rs47700150,17,G,T
rs56591817,17,A,A
rs42673246,17,G,C
rs61607550,17,A,G
rs23455816,17,G,A
rs7486600,17,A,T
rs7605643,17,A,T
rs51072889,17,A,A
rs5379210,17,T,C
rs99962722,17,C,G
rs63530467,17,G,A
rs79793212,17,A,C
rs78106518,17,C,G
rs76562743,17,G,A
rs73221244,17,A,A
rs90134726,17,C,C
rs62375722,17,G,G
rs18864213,17,A,A
rs89638023,17,T,T
rs67442382,17,T,G
rs37587670,17,T,A
rs77861089,17,C,C
rs13030111,17,G,G
rs29706347,17,A,A
rs13499865,17,A,C
rs94417621,17,T,G
rs72831715,17,G,A
rs63880943,17,A,G
rs30476262,17,G,A
rs2671506,17,A,C
rs58277549,17,C,G
rs91005243,17,G,A
rs75505122,17,A,T
rs57172165,17,G,G
rs88612106,17,A,A
rs7627747,17,C,G
rs67289624,17,G,A
rs40779016,17,A,T
rs89541865,17,A,G
rs65834983,17,G,A
rs82819517,17,A,A
rs86746462,17,T,G
rs90049363,17,G,A
rs71464823,17,A,G
rs10742,17,A,A
rs78071542,17,C,T
rs30972031,17,G,G
rs70422762,17,A,A
rs99737905,17,A,A
rs30318615,17,A,G
rs60157399,17,T,A
rs30131507,17,A,C
rs44674432,17,A,G
rs48330639,17,T,A
rs4208948,17,G,T
rs54918557,17,A,G
rs90468520,17,C,A
rs55823752,17,G,A
rs70438281,17,A,C
rs59745377,17,T,G
rs70138610,17,G,A
rs15029621,17,A,C
rs91589274,17,G,G
rs10083002,17,A,A
rs56097537,17,T,T
rs33427296,17,T,A
rs92635774,17,T,C
rs31996413,17,A,G
rs11468987,17,A,A
rs37182272,17,T,G
rs94010496,17,G,A
rs60404882,17,A,G
rs91312308,17,G,A
rs61533031,17,A,T
rs63150422,17,A,C
rs95111199,17,A,G
rs84565614,17,A,A
rs89309353,17,T,T
rs36467118,17,C,A
rs27231067,17,G,A
rs7903731,17,A,A
rs64353584,17,A,A
rs63610669,17,C,G
rs16373800,17,G,A
rs57416595,17,A,A
rs23261621,17,C,T
rs37190836,17,G,T
rs82335414,17,A,G
rs58481382,17,T,A
rs16752061,17,G,C
rs76534162,17,A,G
rs13636454,17,G,A
rs59673678,17,A,A
rs74302451,17,T,C
rs37761903,17,C,G
rs86264375,17,G,A
rs63265980,17,A,G
rs64328818,17,A,A
rs24020658,17,T,C
rs49448784,17,T,G
rs42220142,17,T,A
rs40999328,17,A,T
rs90588951,17,G,T
rs19511156,17,A,C
rs96073376,17,C,G
rs76207775,17,G,A
rs84287766,17,A,G
rs81393611,17,A,A
rs57030223,17,G,T
rs19168547,17,A,A
rs5084244,17,A,T
rs44539403,17,T,T
rs33685611,17,A,A
rs23651134,17,C,G
rs28342924,17,G,A
rs31729548,17,A,G
rs43294598,17,A,A
rs10949478,17,G,G
rs20889151,17,A,A
rs12539501,17,T,C
rs70977811,17,A,G
rs75829796,17,C,A
rs88823234,17,G,A
rs70576466,17,A,A
rs88856378,17,G,C
rs94379445,17,A,G
rs80379777,17,G,A
rs73227328,17,A,G
rs8022433,17,T,A
rs82392154,17,G,C
rs14477118,17,A,G
rs47527586,17,A,A
rs38038698,18,A,C
rs57936109,18,C,G
rs84380306,18,G,A
rs28544817,18,A,T
rs91044486,18,C,C
rs61511357,18,G,G
rs50541083,18,A,A
rs67180573,18,G,T
rs38706318,18,A,C
rs95340104,18,C,G
rs14773686,18,G,A
rs41865076,18,A,G
rs45378782,18,A,A
rs66052794,18,A,T
rs42527895,18,T,T
rs6635000,18,G,C
rs26375553,18,A,G
rs69781079,18,C,A
rs42674975,18,G,A
rs46920389,18,A,G
rs58692138,18,T,A
rs34570158,18,C,A
rs76205693,18,G,C
rs65111844,18,A,G
rs33763586,18,A,A
rs22705224,18,A,C
rs28986642,18,A,G
rs80757448,18,G,A
rs4785117,18,A,T
rs41496210,18,C,A
rs23727011,18,G,A
rs74741411,18,A,C
rs55671380,18,C,G
rs66092074,18,G,A
rs78124426,18,A,C
rs74261396,18,G,G
rs16694737,18,A,A
rs51052050,18,C,A
rs13725665,18,G,G
rs47610661,18,A,A
rs22158241,18,G,C
rs45456137,18,A,G
rs3795545,18,C,A
rs94472916,18,G,T
rs40570161,18,A,A
rs40392415,18,A,A
rs77216324,18,T,A
rs91547595,18,A,T
rs92624772,18,A,G
rs91961964,18,C,A
rs77190125,18,G,G
rs18037690,18,A,A
rs73396239,18,C,G
rs13232336,18,G,A
rs77381188,18,A,T
rs39885459,18,T,A
rs25803709,18,C,G
rs87725679,18,G,A
rs60091956,18,A,A
rs30244140,18,C,A
rs1175928,18,G,A
rs80791726,18,A,C
rs34725972,18,G,G
rs58251371,18,A,A
rs62450821,18,C,A
rs54035388,18,G,T
rs54234391,19,A,A
rs54081413,19,A,A
rs648163,19,G,G
rs50347627,19,A,A
rs858837,19,T,T
rs94545920,19,C,G
rs89592771,19,G,A
rs61222524,19,A,C
rs28666379,19,C,G
rs14963379,19,G,A
rs87173187,19,A,A
rs96578145,19,G,A
rs32037665,19,A,G
rs42860707,19,A,A
rs65269425,19,C,C
rs98980856,19,G,G
rs63552696,19,A,A
rs17977511,19,A,C
rs49418547,19,C,G
rs43658113,19,G,A
rs26725004,19,A,C
rs73509573,19,C,G
rs1884603,19,G,A
rs84749668,19,A,C
rs51039741,19,C,G
rs28007427,19,G,A
rs50330878,19,A,A
rs63542666,19,T,G
rs91333911,19,G,A
rs61033589,19,A,T
rs48873630,19,C,T
rs97738484,19,G,A
rs69770095,19,A,C
rs76491580,19,A,G
rs97522215,19,G,A
rs190410,19,A,G
rs48795484,19,G,A
rs16925345,19,A,T
rs91135761,19,A,A
rs79764432,19,T,C
rs58769843,19,A,G
rs11084901,19,C,A
rs46662133,19,G,C
rs23707432,19,A,G
rs532977,19,T,A
rs1244326,19,A,C
rs64117926,19,A,G
rs62722276,19,G,A
rs74015542,19,A,T
rs35743086,19,G,T
rs91424189,19,A,T
rs88441004,19,C,A
rs14818325,19,G,C
rs83141495,19,A,G
rs87211028,19,G,A
rs70174022,19,A,T
rs35941259,19,G,T
rs52960236,19,A,A
rs1827934,19,C,C
rs83744549,19,G,G
rs46695804,19,A,A
rs11660950,19,G,G
rs61754354,19,A,A
rs6229434,19,T,A
rs40423187,19,G,C
rs10164298,19,A,G
rs23849057,19,A,A
rs7436874,19,A,C
rs34152757,19,G,G
rs68912820,19,A,A
rs601338,19,G,A
rs85506600,19,A,C
rs35666875,19,T,G
rs42843854,19,G,A
rs81227336,19,A,C
rs55598507,19,A,G
rs20442192,19,C,A
rs32661089,19,G,A
rs86291279,19,A,C
rs31339465,19,G,G
rs812317,19,A,A
rs41647373,19,C,A
rs83314669,19,G,T
rs85901854,19,A,T
rs74516521,19,A,G
rs32778323,19,C,A
rs29595375,19,G,C
rs83110585,19,A,G
rs90937662,19,T,A
rs89775512,20,C,G
rs59497071,20,G,A
rs69614111,20,A,G
rs82645614,20,C,A
rs66550805,20,G,T
rs30463056,20,A,A
rs69488955,20,G,G
rs6512627,20,A,A
rs97375174,20,G,A
rs36551029,20,A,G
rs62421529,20,A,A
rs7183054,20,T,G
rs32281194,20,A,A
rs84667733,20,G,G
rs10635877,20,A,A
rs44306439,20,A,A
rs46746647,20,G,A
rs36988606,20,A,T
rs36218112,20,A,C
rs94843896,20,C,G
rs69071052,20,G,A
rs66124236,20,A,G
rs48368972,20,G,A
rs17785141,20,A,G
rs536429,20,G,A
rs47182606,20,A,A
rs37402124,20,C,C
rs46333137,20,G,G
rs33747893,20,A,A
rs53591890,20,C,A
rs29846673,20,G,T
rs60058105,20,A,G
rs96558591,20,T,A
rs19043688,20,A,C
rs74374336,20,T,G
rs45895548,20,A,A
rs86810900,20,G,T
rs83697485,20,A,C
rs71510767,20,G,G
rs90371774,20,A,A
rs39856522,20,C,T
rs2740087,20,G,C
rs77052518,20,A,G
rs61875727,20,T,A
rs16774908,20,T,C
rs90153321,20,T,G
rs74624597,20,C,A
rs80018068,20,G,A
rs24462752,20,A,A
rs96877189,20,A,G
rs55547564,20,T,A
rs634779,20,C,T
rs4480954,20,G,C
rs14588535,20,A,G
rs19069962,20,T,A
rs38985768,20,G,T
rs40061837,20,A,A
rs55557534,20,T,T
rs87805666,20,T,C
rs76410454,20,T,G
rs64786818,20,T,A
rs53449750,20,C,G
rs3914619,20,G,A
rs47181249,20,A,A
rs10450126,20,C,T
rs79518971,20,G,A
rs55235098,20,A,C
rs38544878,20,C,G
rs3392583,20,G,A
rs11707789,20,A,A
rs63508530,20,C,G
rs72341147,20,G,A
rs92938103,20,A,A
rs96897956,20,C,A
rs42533608,20,G,C
rs91880350,20,A,G
rs49060213,20,G,A
rs75923321,20,A,T
rs62067258,20,T,T
rs69066509,20,T,G
rs93560765,20,A,A
rs84059311,20,G,C
rs76757218,20,A,G
rs69836972,20,T,A
rs9455880,20,G,A
rs11433904,21,A,C
rs60320283,21,A,G
rs61787095,21,C,A
rs43817992,21,G,A
rs38158289,21,A,G
rs57728297,21,G,A
rs11410726,21,A,A
rs71320694,21,C,A
rs91248914,21,G,C
rs54412892,21,A,G
rs96645817,21,G,A
rs36565406,21,A,C
rs3114917,21,G,G
rs88862581,21,A,A
rs42175433,21,A,A
rs71161448,21,C,C
rs1799927,21,G,G
rs97319490,21,A,A
rs30173572,21,A,A
rs43325984,21,A,G
rs10218018,21,A,A
rs76386632,21,A,A
rs90025734,21,A,C
rs59703144,21,C,G
rs52441446,21,G,A
rs81186653,21,A,A
rs81897588,21,G,A
rs72077804,21,A,G
rs78164558,21,A,A
rs63531447,21,A,G
rs26409398,21,G,A
rs82172497,21,A,C
rs76166315,21,C,G
rs64806494,21,G,A
rs87634610,21,A,G
rs79243727,21,A,A
rs35839957,21,C,A
rs91896172,21,G,G
rs51752423,21,A,A
rs11945507,21,A,T
rs84658813,21,A,G
rs22419448,21,C,A
rs79107008,21,G,C
rs43325531,21,A,G
rs15517065,21,G,A
rs74309843,21,A,A
rs70840355,21,G,T
rs11537219,21,A,T
rs20940280,21,T,G
rs79007997,21,A,A
rs79662959,21,T,A
rs46244506,21,G,G
rs48717236,21,A,A
rs33719606,21,T,A
rs95238949,22,C,C
rs37553531,22,G,G
rs24149741,22,A,A
rs33034651,22,A,G
rs4865391,22,A,A
rs65218428,22,A,A
rs9478589,22,C,G
rs32110447,22,G,A
rs63712847,22,A,T
rs90161558,22,G,A
rs51371601,22,A,G
rs4680,22,G,G
rs51654505,22,C,A
rs5919739,22,G,C
rs64404834,22,A,G
rs2170044,22,A,A
rs61311444,22,T,G
rs83312496,22,A,A
rs51354677,22,C,G
rs45767129,22,G,A
rs33314358,22,A,A
rs20743443,22,G,T
rs8824401,22,A,A
rs15334200,22,T,T
rs77543774,22,G,C
rs50059420,22,A,G
rs94177761,22,C,A
rs52009503,22,G,A
rs17379523,22,A,A
rs44390025,22,G,A
rs74559797,22,A,G
rs32698908,22,A,A
rs87081138,22,T,C
rs96592689,22,A,G
rs81187576,22,G,A
rs5054719,22,A,A
rs70100838,22,A,A
rs76305946,22,A,G
rs82306549,22,T,A
rs52901759,22,C,G
rs94956236,22,G,A
rs41931598,22,A,T
rs14501861,22,T,C
rs92120704,22,T,G
rs85624626,22,T,A
rs86549466,22,T,C
rs9848735,22,T,G
rs29937025,22,C,A
rs41645424,22,G,A
rs59731554,X,A,G
rs84749338,X,G,A
rs6059404,X,A,A
rs24881097,X,G,G
rs13549670,X,A,A
rs41122648,X,A,T
rs6976103,X,A,T
rs27094471,X,A,T
rs40206552,X,T,T
rs80290858,X,T,A
rs54231970,X,G,C
rs3835019,X,A,G
rs603422,X,T,A
rs47349583,X,C,T
rs35411890,X,G,C
rs20805513,X,A,G
rs77917671,X,G,A
rs81651131,X,A,T
rs65776085,X,G,T
rs55048991,X,A,A
rs81625719,X,T,C
rs70679588,X,G,G
rs6071277,X,A,A
rs83205868,X,A,A
rs50762131,X,C,A
rs45939554,X,G,G
rs59045795,X,A,A
rs17587558,X,C,A
rs78453866,X,G,G
rs51547612,X,A,A
rs52007157,X,T,A
rs81217910,X,G,G
rs31132518,X,A,A
rs81122709,X,T,C
rs11882738,X,T,G
rs53451443,X,C,A
rs1556911,X,G,G
rs74366628,X,A,A
rs3993249,X,T,T
rs69521216,X,C,T
rs70769985,X,G,T
rs42739399,X,A,G
rs95550773,X,G,A
rs40252079,X,A,A
rs80921410,X,G,T
rs13479687,X,A,G
rs88987385,X,A,A
rs37620786,X,T,A
rs92589997,X,G,A
rs78545427,X,A,C
rs68967550,X,G,G
rs75492490,X,A,A
rs22497051,X,C,G
rs36832195,X,G,A
rs4373023,X,A,T
rs66657583,X,G,C
rs21357625,X,A,G
rs83093313,X,C,A
rs47711063,X,G,T
rs7900593,X,A,A
rs40761109,X,G,C
rs20538647,X,A,G
rs41919491,X,C,A
rs37625875,X,G,G
rs69051437,X,A,A
rs91256893,X,A,T
rs16023381,X,G,T
rs88174746,X,A,T
rs6152,X,A,G
rs79245828,X,G,T
rs90705773,X,A,A
rs97759973,X,T,C
rs98934978,X,A,G
rs19819553,X,T,A
rs75381358,X,A,C
rs64779964,X,G,G
rs10102775,X,A,A
rs19261073,X,G,C
rs55204014,X,A,G
rs71840422,X,A,A
rs35309349,X,G,A
rs13275841,X,A,G
rs765992,X,G,A
rs46769678,X,A,G
rs96297599,X,C,A
rs77533175,X,G,A
rs95029268,X,A,C
rs79167179,X,A,G
rs20811845,X,A,A
rs60395550,X,C,C
rs34336968,X,G,G
rs95692020,X,A,A
rs68683292,X,T,C
rs58798015,X,C,G
rs31804512,X,G,A
rs27850280,X,A,C
rs57117284,X,G,G
rs44525931,X,A,A
rs99999921,X,T,C